Treinamento,EQM_Final,Épocas_Executadas,Erro_Relativo_Médio_%,Variância_%,Tempo_Treinamento_s
T1,0.0009927698411047459,10000,5.209957122802734,22.59682846069336,6.05
T2,4.623376298695803e-05,100000,0.9600895643234253,0.6258698105812073,42.92
T3,2.2909807739779353e-05,1000000,0.7589501142501831,1.4120395183563232,441.3
T4,2.1171443222556263e-05,1000000,0.6622768044471741,0.24499736726284027,477.58
T5,7.696938155277167e-06,1000000,0.4632391929626465,0.33160415291786194,481.37
